company_name,city,state
Live Nation,Mansfield,Massachusetts
Medical Care Development,Augusta,Maine
Goffstown Truck,Acton,Massachusetts
Able Engineering,Blackwood,New Jersey
Becker,SPRINGFIELD,Massachusetts
First Student,Merrimac,Massachusetts
Interstate Brand,Augusta,Maine
Tower Hill Nursing,Canton,Massachusetts
First Transit,Framingham,Massachusetts
Angelica Textiles,Somerville,Massachusetts
Memorial Medical,Shrewsbury,Massachusetts
First Student,East Providence,Rhode Island
Clean Scape,Providence,Rhode Island
NPS,Foxborough,Massachusetts
Cape Cod Symphony,Yarmouth Port,Massachusetts
Cape Cod Orchestra,Yarmouth Port,Massachusetts
First Transit,Nashua,New Hampshire
Sunbridge Health,Lowell,Massachusetts
emcor,Boston,Massachusetts
american sweeping,North Andover,Massachusetts
budget avis,East Boston,Massachusetts
avis,East Boston,Massachusetts
abm security,Somerville,Massachusetts
abm,Somerville,Massachusetts
apex,Brockton,Massachusetts
fairhaven health,Lowell,Massachusetts
a&e,Sterling,Massachusetts
First Student,Merrimack,New Hampshire
Thermo Fisher,Cambridge,Massachusetts
First Student,Berlin,Vermont
Oqunquit Playhouse,Ogunquit,Maine
Sodexo,Newport,Rhode Island
Katahdin,Augusta,Maine
G4s,Seabrook,New Hampshire
Mount Ida,Newton Center,Massachusetts
First Student,White River Junction,Vermont
Equitrac,Plantation,Florida
Wingate,Sudbury,Massachusetts
National Cash,Duluth,Georgia
AB Car Rental,East Boston,Massachusetts
Kindred Hospital,Peabody,Massachusetts
Beth Israel,Plymouth,New Hampshire
Kindred Nursing,Marlborough,Massachusetts
Sodexo,Cambridge,Massachusetts
Gfi,North Reading,Massachusetts
Sheila Marie,North Reading,Massachusetts
L-3,South Burlington,Vermont
Carital Hospital,Methuen,Massachusetts
Holy Family,Methuen,Massachusetts
First Student,Dennis Port,Massachusetts
Sun Healthcare,North Reading,Massachusetts
Meadowview,North Reading,Massachusetts
Fraser Engineering,Newton,Massachusetts
Johnson Controls,Devens,Massachusetts
Iron Horse Ventures,Holyoke,Massachusetts
Calvin Theatre,Holyoke,Massachusetts
Mountain Park,Holyoke,Massachusetts
Caritas Carney,Boston,Massachusetts
Carney Hospital,Boston,Massachusetts
Macys,Saugus,Massachusetts
Hathaway Manor,New Bedford,Massachusetts
NexxtShow,Avon,Massachusetts
Boston Medical,BROOKLYN,New York
Progressive Logistics,Methuen,Massachusetts
Comcast ,Fairhaven,Massachusetts
Chartwells,New Bedford,Massachusetts
Compass Group,New Bedford,Massachusetts
First Student,Richmond,Rhode Island
Blue Hill,STOUGHTON,Massachusetts
First Student,East Falmouth,Massachusetts
Sunoco,East Boston,Massachusetts
Spring Vallely,Worcester,Massachusetts
Johnson Control,Devens,Massachusetts
Next generation vending,Warwick,Rhode Island
Allied Waste,Fall River,Massachusetts
capital power,Tiverton,Rhode Island
lucini bus,Bridgewater,Massachusetts
Kind grind,Amherst,Massachusetts
Bannister ,Providence,Rhode Island
Superior plus,Providence,Rhode Island
Morton,Taunton,Massachusetts
Wingate,Allston,Massachusetts
Redimix,Manchester,New Hampshire
Ryder,New Bedford,Massachusetts
Overlook masonic,Charlton,Massachusetts
Beacon Sales,Peabody,Massachusetts
State Theatre,Portland,Maine
Cambridge rehabilitation,Cambridge,Massachusetts
Trump Parc Stamford,Stamford,Connecticut
Rotobec,Littleton,New Hampshire
Radius Healthcare,Danvers,Massachusetts
Daniel Marr,South Boston,Massachusetts
Aramark,Boston,Massachusetts
NES,Bangor,Maine
NES,Portland,Maine
durham school,Framingham,Massachusetts
jg transport,North Smithfield,Rhode Island
jg associates,North Smithfield,Rhode Island
paragon ,Bangor,Maine
alexandria manor,Bloomfield,Connecticut
hunters ambulance,Meriden,Connecticut
M J Bus,Stafford Springs,Connecticut
aramark,SPRINGFIELD,Massachusetts
petro heating,Providence,Rhode Island
HL Bloom,ATTLEBORO,Massachusetts
Chenega,Ashburn,Virginia
Airgas,Hingham,Massachusetts
First Student,Dover,New Hampshire
First Light,Northfield,Massachusetts
First Student,Foster,Rhode Island
First Student,Hanson,Massachusetts
Reinhart Food,New Bedford,Massachusetts
First Student,Marlborough,Massachusetts
falmouth,Boston,Massachusetts
Vocell,Malden,Massachusetts
Golden Living,West Newton,Massachusetts
First Student,Gardner,Massachusetts
SRC,West Springfield,Massachusetts
Wingate,West Springfield,Massachusetts
Agar Supply,Taunton,Massachusetts
JG Associates,North Smithfield,Rhode Island
Next generation vending,Middleton,Massachusetts
Next generation food,Middleton,Massachusetts
Caritis Hospital,Methuen,Massachusetts
Universal Recycling,Phoenix,Arizona
MVM,Ashburn,Virginia
IFCO,Westborough,Massachusetts
Fed Consulting,Leesburg,Virginia
Jani-King,East Providence,Rhode Island
Allied Waste,South Yarmouth,Massachusetts
until energy,Hampton,New Hampshire
APG,Warwick,Rhode Island
Le Fort,South Boston,Massachusetts
Merry Maids,South Boston,Massachusetts
Bob's Furniture,Manchester,Connecticut
boston globe,Dorchester,Massachusetts
Oldcastle APG,CRANSTON,Rhode Island
MCI Communications,ANDOVER,Maine
SDH Education,NORTH ANDOVER,Massachusetts
First Student,BROCKTON,Massachusetts
SDH Education,Gaithersburg,Maryland
Bob's Furniture,SOUTH ATTLEBORO,Massachusetts
Golden Living,TAUNTON,Massachusetts
Airgas,BILLERICA,Massachusetts
Golden Living,DEDHAM,Massachusetts
Southern Gas,Orange,Connecticut
Hollywood Casino,BANGOR,Maine
AZ ,NORTH STONINGTON,Connecticut
Westbay ,WARWICK,Rhode Island
Pepsi,MANCHESTER,New Hampshire
Addison County Transit,MIDDLEBURY,Vermont
HBR Trumbull,Trumbull,Connecticut
First Student,Weston,Connecticut
Hatti,Hartford,Connecticut
Brookfield Power,Watertown,New York
EDAC,Cheshire,Connecticut
Honda,Greenwich,Connecticut
Lawrence Memorial,NEW LONDON,Connecticut
First Student,MILFORD,New Hampshire
Con-way,MANCHESTER,New Hampshire
IBEW,Manchester,Connecticut
Alta Bicycle,Brooklyn,New York
Hubway,Brooklyn,New York
First Student,Abington,Massachusetts
YRC,SHREWSBURY,Massachusetts
First Student,Tilton,New Hampshire
Elad insulation,Boston,Massachusetts
DPI logistics,Canton,Massachusetts
Healthcare services,Vernon,Connecticut
Tribune Broadcasting,Hartford,Connecticut
J.P. Salmini,Milford,Connecticut
Star Market,West Bridgewater,Massachusetts
Osco ,West Bridgewater,Massachusetts
Time Warner,Pittsfield,Massachusetts
NCS,MIDDLEBORO,Massachusetts
Universal Protection,Herndon,Virginia
WMUR,MANCHESTER,New Hampshire
Charter Care,North Providence,Rhode Island
Our Lady of Fatima,North Providence,Rhode Island
Southcoast,Fairhaven,Massachusetts
DTZ,Bloomfield,New Jersey
Healthcare services,East Bridgewater,Massachusetts
aramark,Lincoln,Rhode Island
medical resources,BOSTON,Massachusetts
uno,BROCKTON,Massachusetts
chestnut health,Swansea,Massachusetts
Country Gardens,Swansea,Massachusetts
Sikorski,Stratford,Connecticut
United EMS,BOSTON,Massachusetts
AFSCME,BOSTON,Massachusetts
Hanover Consumer,Hanover,New Hampshire
durham school,East Freetown,Massachusetts
Simplex grinnell,Windsor,Connecticut
Norwalk Hospital,Norwalk,Connecticut
Petro holdings,East Hartford,Connecticut
kasden,East Hartford,Connecticut
Yankees Entertainment,New York,New York
Hartford Legal Aid,Hartford,Connecticut
Healthcare services,Vernon Rockville,Connecticut
Hotel northampton,Northampton,Massachusetts
bob's tire,MATTAPOISETT,Massachusetts
suburban building,BURLINGTON,Massachusetts
Providence HR,Providence,Rhode Island
Visiting nurses association,Falmouth,Massachusetts
Firstgroup,Warren,Rhode Island
SecureCare,Rocky Hill,Connecticut
aramark,SLATERSVILLE,Rhode Island
Firstgroup,WILMINGTON,Delaware
Park View center,Providence,Rhode Island
Park View rehab,Providence,Rhode Island
Freshbev,New Haven,Connecticut
c&w,Stamford,Connecticut
Angelica Textile,PAWTUCKET,Rhode Island
Fiddlehead theatre,Dorchester,Massachusetts
Harris IT,New Boston,New Hampshire
J Goodison,North Kingstown,Rhode Island
J's Associates,Dunkirk,Maryland
Visiting nurses association,Brockton,Massachusetts
First Group ,Whitman,Massachusetts
First Student,Whitman,Massachusetts
XPO Logistics,North Haven,Connecticut
FCI Federal,PORTSMOUTH,New Hampshire
eastern bus,Somerville,Massachusetts
Airgas,Bangor,Maine
autism services,Wellesley Hills,Massachusetts
aramark,Chestnut Hill,Massachusetts
Healthcare services,Cromwell,Connecticut
LBI,Groton,Connecticut
UPS,Enfield,Connecticut
aramark,Cranston,Rhode Island
Saint Vincent,WORCESTER,Massachusetts
Gulf Management,New Haven,Connecticut
Paratransit,Pittsfield,Massachusetts
Brush Hill,RANDOLPH,Massachusetts
DHLNH,Pawtucket,Rhode Island
JACC healthcare,Willimantic,Connecticut
A K Logistics,East Taunton,Massachusetts
Mercy ,West Springfield,Massachusetts
Allied Waste,Marshfield,Massachusetts
American Eagle,Herndon,Virginia
Paragon ,Herndon,Virginia
Apple Theater,Cambridge,Massachusetts
Linxx,Boston,Massachusetts
Asplundh Tree,Weare,New Hampshire
CBRE,Quincy,Massachusetts
aramark,East Greenwich,Rhode Island
Rural fuels,Trumbull,Connecticut
Lawrence Ready,Plympton,Massachusetts
First Transit,Storrs,Connecticut
Coca Cola,Londonderry,New Hampshire
C W Services,BLOOMFIELD,New Jersey
Davis Management,Norwalk,Connecticut
Island Light,Norfolk,Massachusetts
Atrium Hospitality,Stamford,Connecticut
NAES,Oxford,Connecticut
HP Hood,Agawan,Massachusetts
Arbour elder,Norwell,Massachusetts
Arbour Counseling,Norwell,Massachusetts
Enviro Express,Bridgeport,Connecticut
Amerigas Propane,Killingworth,Connecticut
SP Plus,Warwick,Rhode Island
National Express ,Springfield,Massachusetts
sprague,Stratford,Connecticut
National Express ,Hyde Park,Massachusetts
first student,Westborough,Massachusetts
Mattapan health,Mattapan,Massachusetts
Transdev,Bridgeport,Connecticut
Dynegy,Dayville,Connecticut
HESSCO,Sharon,Massachusetts
Health Social,Sharon,Massachusetts
Durham D M,Cumberland,Rhode Island
M M Transport,Marlborough,Massachusetts
sprague,East Providence,Rhode Island
Agiliti,Andover,Massachusetts
Hebrew Senior,West Hartford,Connecticut
Hebrew Hospital,West Hartford,Connecticut
Harriet Beecher,Hartford,Connecticut
Highlander,Providence,Rhode Island
Bradford airport,Boston,Massachusetts
first transit,Nashua,New Hampshire
live nation,Boston,Massachusetts
action ambulance,Holyoke,Massachusetts
individual development,Washington,District Of Columbia
consulate health,Ashland,Virginia
jsd ,Bowie,Maryland
bishops bus,Lusby,Maryland
JL Mackall,Huntingtown,Maryland
JLM,Huntingtown,Maryland
Mackall ,Huntingtown,Maryland
Karl Weber,Prince Frederick,Maryland
Clark Rawlings,Prince Frederick,Maryland
Folwer Bus,Prince Frederick,Maryland
Jeremiah Hutchins,Lusby,Maryland
Elite Protective,Landover,Maryland
Coastal Sunbelt,Savage,Maryland
Jenkins Security,Washington,District Of Columbia
Jenkins Security,WASHINGTON,District Of Columbia
Harbor health,Lewes,Delaware
Harbor rehab,Lewes,Delaware
Holy hill nursing,Towson,Maryland
Holy hill,Towson,Maryland
AECOM,Mc Lean,Virginia
Uno,BROCKTON,Massachusetts
Emera,BANGOR,Maine
Golden Living,MIDDLEBOROUGH,Massachusetts
GGNSC,MIDDLEBOROUGH,Massachusetts
EF International,Brighton,Massachusetts
Firstgroup,PLAISTOW,New Hampshire
Northeast beverage,West Greenwich,Rhode Island
Horizon beverage,West Greenwich,Rhode Island
Wang Theatre,Boston,Massachusetts
Firstgroup,MOULTONBOROUGH,New Hampshire
Airway, Kisco,New York
Fastenal,Winona,Minnesota
Vital Enterprises,Worcester,Massachusetts
HNS Management,Hartford,Connecticut
Emersen College,Boston,Massachusetts
East-land,Cranston,Rhode Island
Ikea,Stoughton,Massachusetts
Charles Gilman,Norwood,Massachusetts
Brigham Hospital,Jamaica Plain,Massachusetts
Hermitage Health,Worcester,Massachusetts
durham school,FRAMINGHAM,Massachusetts
van pool,Duxbury,Massachusetts
sdh ,Worcester,Massachusetts
lecrenski,Russell,Massachusetts
Dragon products,South Portland,Maine
Tri-city fire,Tolland,Connecticut
Stonehenge,West Roxury,Massachusetts
Steward St. Anne's,Fall River,Massachusetts
Eversource,Berlin,Connecticut
Durham D M,Stratford,Connecticut
Dynegy,Milford,Connecticut
HOP Energy,Bloomfield,Connecticut
Valley oil,Bloomfield,Connecticut
United ambulance,Lewiston,Maine
heorot power,Lowell,Massachusetts
compass group,New Haven,Connecticut
chartwells,New Haven,Connecticut
ocean state transit,East Providence,Rhode Island
avalonbay,Fairfield,Connecticut
fidelity,Lawrence,Massachusetts
specialty transportation,Guilford,Connecticut
riverhead building,Richmond,Rhode Island
Watkins Security,Washington,District Of Columbia
Coastal International,Upper Marlboro,Maryland
cube corporations,Gaithersburg,Maryland
VT griffin,Gaithersburg,Maryland
aecom,Mc Lean,Virginia
Basic contracting,Jackson,Tennessee
Murray Guard,Jackson,Tennessee
First Transit,Washington,District Of Columbia
Family services,Landover Hills,Maryland
Gino morena,Fort Eustis,Virginia
Melwood horticulture,Annapolis,Maryland
allied insulation,Baltimore,Maryland
harford fire,Forest Hill,Maryland
Master security,Hunt Valley,Maryland
Rohmann,Dover Afb,Delaware
Science Management,Dover Afb,Delaware
SMR,Dover Afb,Delaware
Trinity Protective,Largo,Maryland
Van go,Henrico,Virginia
Rohmann,ANDREWS AFB,Maryland
aramark,Baltimore,Maryland
sodexo,Washington,District Of Columbia
bunzl ,Hanover,Maryland
wfdc,Washington,District Of Columbia
Kaiser permanante,Brooklyn,New York
science and technology,Aberdeen,Maryland
Ikea,Perryville,Maryland
Security assurance,Washington,District Of Columbia
Dyncorp,Landover,Maryland
MV Transport,Curtis Bay,Maryland
Jefferson Hotel,Washington,District Of Columbia
e-star,Langley Afb,Virginia
Pepsi,Havre De Grace,Maryland
health care services,Towson,Maryland
DCI Utility,Washington,District Of Columbia
danella engineering,DOVER,Delaware
R Janitorial,Washington,District Of Columbia
Recleim ,Lincoln,Rhode Island
Blue Tarp ,National Harbor,Maryland
MGM Springfield,National Harbor,Maryland
Snow Pond,Sidney,Maine
Allegiance Realty,Danbury,Connecticut
Dawn-Ra,Orange,Connecticut
metro homes,Washington,District Of Columbia
First Energy,Petersburg,West Virginia
Spy museum,Washington,District Of Columbia
Washington empowered violence,Washington,District Of Columbia
discount tere,Upper Marlboro,Maryland
Knight protective,Lanham,Maryland
sectek,Vienna,Virginia
sec-tek,Vienna,Virginia
american university,Washington,District Of Columbia
Teamsters,WASHINGTON,District Of Columbia
aramark,Washington,District Of Columbia
Paragon,Chantilly,Virginia
Service access,Reading,Pennsylvania
Compass,Washington,District Of Columbia
g4s,Palm Beach Gardens,Florida
washington nationals,Washington,District Of Columbia
hbc management,FALLS CHURCH,Virginia
Elite Protective,Silver Spring,Maryland
Battles Transportation,Washington,District Of Columbia
Elite Protective,Wheaton,Maryland
first coast security,Tampa,Florida
roesel heck,Baltimore,Maryland
united cerebral palsy,Hunt Valley,Maryland
United Food Commercial Workers,Landover,Maryland
UFCW,Landover,Maryland
phoenix tech,Fort Washington,Maryland
defensor security,Fort Washington,Maryland
american security,Dulles,Virginia
nipcam,Salisbury,Maryland
sectek,Reston,Virginia
alsco,Columbia,South Carolina
MV Transport,Washington,District Of Columbia
security support,Upper Marlboro,Maryland
fairfax embassy row,Washington,District Of Columbia
fairfax,Washington,District Of Columbia
golden living,Camp Hill,Pennsylvania
Chenega,Alexandria,Virginia
marriot ,Bethesda,Maryland
skw ,Sparrows Point,Maryland
aramark,Williamsburg,Virginia
aleut,Colorado Springs,Colorado
unfied community,Hunt Valley,Maryland
G4s,Washington,District Of Columbia
Butler medical,Owings Mills,Maryland
Trinity protection,Upper Marlboro,Maryland
first coast security,Roseville,Michigan
Tito contractor,Washington,District Of Columbia
pjk food,Landover,Maryland
keany produce,Landover,Maryland
georgetown university,Washington,District Of Columbia
durham school,Rosedale,Maryland
alliedbarton,Alexandria,Virginia
nustar,Baltimore,Maryland
alliedbarton,Conshohocken,Pennsylvania
MDV,Landover,Maryland
Nash Finch,Landover,Maryland
unique cleaning,Warrenton,Virginia
fjc security,Washington,District Of Columbia
Providence hospital,Washington,District Of Columbia
MV Transport,Palm City,Florida
fjc security,Woodbury,New York
aecom,Springfield,Virginia
Alutiiq ,Chesapeake,Virginia
Howard,Washington,District Of Columbia
Bestway,Mount Vernon,Virginia
Woodlawn,Mount Vernon,Virginia
American Intermodal,Dundalk,Maryland
Ports America,Dundalk,Maryland
TruGreen,Ijamsville,Maryland
paragon ,Washington,District Of Columbia
Ritz Carlton,Washington,District Of Columbia
american security,Sterling,Virginia
Rape Abuse Incest,Washington,District Of Columbia
DLM ,Hanover,Pennsylvania
SBM,Blue Ash,Ohio
G4s,Palm Beach Gardens,Florida
Block by Block,Louisville,Kentucky
WUSA,Washington,District Of Columbia
Aggregate Industries,Harpers Ferry,West Virginia
Bardon,Harpers Ferry,West Virginia
IESI MD,Capitol Heights,Maryland
Media Matters,Washington,District Of Columbia
paragon,Falls Church,Virginia
Dish network,Ashland,Virginia
Penn Emergency,Hanover,Pennsylvania
Whitestone,Columbus,Ohio
Baker DC,Washington,District Of Columbia
omnisec security,Arlington,Virginia
omnisec international,Arlington,Virginia
Transdev,Hyattsville,Maryland
bravo,Vienna,Virginia
maslow media,Washington,District Of Columbia
maslow,Washington,District Of Columbia
stratus security,Detroit,Michigan
Keller Bus,Waldorf,Maryland
First Student,Severn,Maryland
Alta Bicycle,Washington,District Of Columbia
howard hospital,Washington,District Of Columbia
Guardsmark,Washington,District Of Columbia
Jones Lang LaSalle,Washington,District Of Columbia
Healthcare services,Silver Spring,Maryland
Airgas,Hanover,Maryland
Shipley Propane,York,Pennsylvania
triple canopy,Reston,Virginia
Akal security,Washington,District Of Columbia
DS Pipe Steel,Baltimore,Maryland
Kaiser permanante,Rockville,Maryland
Kaiser,Rockville,Maryland
Trinity Washington,Washington,District Of Columbia
Green Leaf,Arlington,Virginia
Master security,Suitland,Maryland
Army Distaff,Washington,District Of Columbia
US Facilities,Washington,District Of Columbia
Krystal Car,Baltimore,Maryland
Master Car,Baltimore,Maryland
Deer Park,King William,Virginia
Nestle,King William,Virginia
Green Jobworks,Baltimore,Maryland
american security,Reston,Virginia
seabury aging,Washington,District Of Columbia
bowhead support,Chambersburg,Pennsylvania
AAI,Martinsburg,West Virginia
Healthcare services,Glen Allen,Virginia
carlos painting decorating,Germantown,Maryland
Midtown Group,Washington,District Of Columbia
downtown bid,Washington,District Of Columbia
interbake,Front Royal,Virginia
chef warehouse,Hanover,Maryland
homeless playtime,Washington,District Of Columbia
Akal security,ESPANOLA,New Mexico
first coast security,Jacksonville,Florida
strathmore hall,North Bethesda,Maryland
Sodexo,Oakton,Virginia
L-3,Martinsburg,West Virginia
sdh,Westminster,Maryland
sodexo,Westminster,Maryland
Washington Opera,Washington,District Of Columbia
Paving management,Washington,District Of Columbia
W Hotel Management,Washington,District Of Columbia
Michaels Management,Marlton,New Jersey
Gap,Perry Point,Maryland
Advanced Technology Logistics,Fort Lee,Virginia
PD Systems,Fort Lee,Virginia
sheffield barbers,Hampton,Virginia
URS Federal,Newport News,Virginia
ameriguard security,Fresno,California
jacobs tech,Aberdeen Proving Grounds,Maryland
jacobs engineering,Aberdeen Proving Grounds,Maryland
National Harmony,Largo,Maryland
SE Cemeteries,Largo,Maryland
hbc management,Alexandria,Virginia
Total Quality Building,Washington,District Of Columbia
Hana Industries,Wayne,Pennsylvania
Allied building,Manassas,Virginia
Lockheed,Andrews JFB,Maryland
Gold Coast Helicopters,Quantico,Virginia
Skyquest aviation,Quantico,Virginia
Four seasons,Washington,District Of Columbia
Olgoonik,Richmond,Virginia
Government Accountability Project,Washington,District Of Columbia
Allied building,Rockville,Maryland
Covanta,York,Pennsylvania
Inter-con,Washington,District Of Columbia
swanson,Linthicum Heights,Maryland
NVE,Herndon,Virginia
Foreign Policy,Washington,District Of Columbia
General Laborers,Capitol Heights,Maryland
Progress Environmenta,Capitol Heights,Maryland
abm,Beltsville,Maryland
Ryder,York,Pennsylvania
omniplex ,Chantilly,Virginia
breakthru beverage,Washington,District Of Columbia
american security,Vienna,Virginia
airbus,Ashburn,Virginia
Corporate Chef,McLean,Virginia
Admiral security,Bethesda,Maryland
Packaging Corporation,Hanover,Pennsylvania
Unilever ,Suffolk,Virginia
Integrity National,Rockville,Maryland
Caelum Research,Aberdeen Proving Ground,Maryland
ATSS ,Aberdeen Proving Ground,Maryland
D H Demolition,Glen Burnie,Maryland
american security,Washington,District Of Columbia
Global computer,Chantilly,Virginia
Advancement Project,Washington,District Of Columbia
Stericycle,Washington,District Of Columbia
american security,Silver Spring,Maryland
Apogee Trucking,Hyattsville,Maryland
american humanist,Washington,District Of Columbia
Healthcare services,Chevy Chase,Maryland
ameresco,Washington,District Of Columbia
L3,Oklahoma City,Oklahoma
Petro Home,Baltimore,Maryland
PBE Carderock,Bethesda,Maryland
Transdev,Leesburg,Virginia
DynCorp,Andrews AFB,Maryland
Gelman Management,Washington,District Of Columbia
american medical response,Washington,District Of Columbia
Airgas,Richmond,Virginia
Railcrew xpress,Lenexa,Kansas
cesar chavez charter,Washington,District Of Columbia
URS Federal,Solomons,Maryland
Preeminent Protective,Washington,District Of Columbia
M R Strategic,Washington,District Of Columbia
first coast security,Chantilly,Virginia
LULAC,Washington,District Of Columbia
WWL Vehicle,Dundalk,Maryland
Carroll Home,Baltimore,Maryland
Chenega,Cheltenham,Maryland
medstar,Washington,District Of Columbia
Delmar Nursing,Delmar,Delaware
paragon ,Herndon,Virginia
Marriott,Washington,District Of Columbia
Swissport,Baltimore,Maryland
Diversified Protective,Alexandria,Virginia
DPC,Alexandria,Virginia
Howard University,Washington,District Of Columbia
Lambda Legal,New York,New York
Aramark,Staunton,Virginia
Omni hotel,Washington,District Of Columbia
URS Federal,Norfolk,Virginia
Financial Realty,Silver Springs,Maryland
Alutiiq,Curtis Bay,Maryland
DECO,Curtis Bay,Maryland
Towers Condo,Washington,District Of Columbia
Georgetown university,Washington,District Of Columbia
DHL ,Hanover,Maryland
Brock,White Marsh,Maryland
Alexandria,Alexandria,Virginia
First Choice Home Care,Chesapeake,Virginia
First Choice,Chesapeake,Virginia
concrete pipe precast,Chesapeake,Virginia
Alutiiq,Hanahan,South Carolina
SDAC ,Selma,Alabama
PSAV presentation,Lanham,Maryland
Audio Visual Services,Lanham,Maryland
Asplundh Tree,York,Pennsylvania
Systems support,Parkton,Maryland
Healthcare service,Baltimore,Maryland
Embassy Suites,Washington,District Of Columbia
Kimco,Atlanta,Georgia
Coastal International,Flushing,New York
People Accident Information,Flushing,New York
omniplex ,Palm Beach Gardens,Florida
stanley access,Jessup,Maryland
hana ,Wayne,Pennsylvania
kimco,Atlanta,Georgia
sdh,Gaithersburg,Maryland
bluelabs,Washington,District Of Columbia
petro home,Baltimore,Maryland
AP Woodson,Baltimore,Maryland
Command Security,Herndon,Virginia
Action Facilities,Washington,District Of Columbia
Jones Lang,Washington,District Of Columbia
Alutiiq,Huntsville,Alabama
Lawyer Civil Rights Urban Affairs,Washington,District Of Columbia
aecom,Solomons,Maryland
hilton harbor,Baltimore,Maryland
Action Facilities,Morgantown,West Virginia
packaging corp,Hanover,Pennsylvania
aecom,Lexington,Virginia
National Endowment Democracy,Washington,District Of Columbia
Daily Progress,Charlottesville,Virginia
Reviera ,Forestville,Maryland
triple canopy,Palm Beach Gardens,Florida
Forest Haven,Catonsville,Maryland
Ameresco,Washington,District Of Columbia
Lyles Cleaning,Ijamsville,Maryland
River North Transit,Norfolk,Virginia
HA Transportation,Norfolk,Virginia
Tier Tech,Baltimore,Maryland
Excalibur Associates,Baltimore,Maryland
CHEP,Baltimore,Maryland
Brambles,Baltimore,Maryland
Aclara Smart Grid,Richmond,Virginia
US Foodservice,Manassas,Virginia
CHS Therapy,Ellicott City,Maryland
Children's School Services,Silver Spring,Maryland
Transdev,Lorton,Virginia
WAMU,Washington,District Of Columbia
DC SAFE,Washington,District Of Columbia
cogar,Fairfax,Virginia
imperial parking,Hanover,Maryland
NACCHO,Washington,District Of Columbia
Elite Protective,Germantown,Maryland
Community College Trustees,Washington,District Of Columbia
KR Contracting,Springfield,Virginia
Universal Protection,Williamsburg,Virginia
Ingleside retirement,Washington,District Of Columbia
First Transit,Glen Burnie,Maryland
MaxSent,Baltimore,Maryland
CDA,Baltimore,Maryland
cushman wakefield,Washington,District Of Columbia
American Eagle,Austin,Texas
Hana ,Wayne,Pennsylvania
Washingtonian,Washington,District Of Columbia
LAZ Parking,Washington,District Of Columbia
triple canopy,Coral Springs,Florida
Defenders Wildlife,Washington,District Of Columbia
Omni Excavator,Washington,District Of Columbia
Opici ,Baltimore,Maryland
Dynamic Concepts,Washington,District Of Columbia
triple canopy,Sacramento,California
Earth Treks,Arlington,Virginia
BTI Security,Washington,District Of Columbia
Bradly Technologies,Washington,District Of Columbia
Annapolis Bus,Collegeville,Pennsylvania
Marriott,National Harbor,Maryland
Leadership Educational Equity,Washington,District Of Columbia
Epes Transport,Chester,Virginia
Golden svcs,Alexandria,Virginia
golden services,Alexandria,Virginia
Healthcare services,Essex,Maryland
Children's National Hospital,Glenarden,Maryland
Children's Hospital,Glenarden,Maryland
P C Dunnington,Marbury,Maryland
Stanley Bus,Marbury,Maryland
BJ's Transport,Bryans Road,Maryland
Dink's Bus,Indian Head,Maryland
James Stone,Waldorf,Maryland
Durham School,Nottingham,Maryland
Union kitchen,Washington,District Of Columbia
star buds,Baltimore,Maryland
hallaway,Baltimore,Maryland
Hana ,New Carrolton,Maryland
Elite Protective,Hyattsville,Maryland
ADC Limited,Leesburg,Virginia
ADC ,Leesburg,Virginia
Shureline,Kenton,Delaware
hamhed,Washington,District Of Columbia
emcor,Downers Grove,Illinois
Starbucks,Nottingham,Maryland
Fairvote,Takoma Park,Maryland
PLC Employee,Washington,District Of Columbia
Shakespeare Theatre,Washington,District Of Columbia
Bodos Bagels,Charlottesville,Virginia
Nearly Bros,Charlottesville,Virginia
The Hill,Washington,District Of Columbia
Thompson DC,Washington,District Of Columbia
Chenega,Springfield,Virginia
Zen Leaf,Germantown,Maryland
Verano,Germantown,Maryland
RE Wilson,Wall,New Jersey
REA Magnet,Ashland,Virginia
first coast security,Germantown,Maryland
emcor,Dowers Grove,Illinois
Starbucks,Washington,District Of Columbia
Master security,Rockville,Maryland
stanley access,Wheeling,West Virginia
Small tube,Altoona,Pennsylvania
First Student,Manor,Pennsylvania
Biarcliff,North Huntingdon,Pennsylvania
penske,Mount Pleasant,Pennsylvania
Allegheny Signs Designs,Pittsburgh,Pennsylvania
UPS,New Stanton,Pennsylvania
Artex,Wexford,Pennsylvania
Duke Energy,Masontown,Pennsylvania
Gurtner Sons,Pittsburgh,Pennsylvania
Mon River Towing,Canonsburg,Pennsylvania
Bear metallurgical,Butler,Pennsylvania
Consolidated container,Verona,Pennsylvania
Meadows Racetrack,Washington,Pennsylvania
lamar advertising,Duncansville,Pennsylvania
curtiss wright flow,Pittsburgh,Pennsylvania
benshaw,Pittsburgh,Pennsylvania
ryco fire,McKeesport,Pennsylvania
tsl,Jersey Shore,Pennsylvania
cenveo,Altoona,Pennsylvania
lewis goetz,Coraopolis,Pennsylvania
spartech,Donora,Pennsylvania
Tutor Time,Erie,Pennsylvania
WTAE,Wilkinsburg,Pennsylvania
hearst,Wilkinsburg,Pennsylvania
Golden svcs,Washington,District Of Columbia
golden services,Washington,District Of Columbia
latrobe window,Latrobe,Pennsylvania
rodbat security,Paramount,California
RMI,Paramount,California
Hertz,Glenshaw,Pennsylvania
Seven Springs,Champion,Pennsylvania
Dean Transport,Freedom,Pennsylvania
Allegheny Energy ,Haywood,West Virginia
Allegheny Energy ,Webster Springs,West Virginia
,Brackenridge,Pennsylvania
,Canton,Pennsylvania
First Student,Greensburg,Pennsylvania
,Cranberry Township,Pennsylvania
,Monroeville,Pennsylvania
,Johnstown,Pennsylvania
,North Versailles,Pennsylvania
Highland Center,Brackenridge,Pennsylvania
RSJ,Canton,Pennsylvania
Penn Detroit,Cranberry Township,Pennsylvania
Cedars,Monroeville,Pennsylvania
Valley National ,New Castle,Pennsylvania
CSC,Johnstown,Pennsylvania
Medco,North Versailles,Pennsylvania
Akal,Addsison,Texas
Kane Manufacturing,Kane,Pennsylvania
Printegra,Claysburg,Pennsylvania
Youth services,Emlenton,Pennsylvania
Hitachi,Wellsboro,Pennsylvania
Meadville Rehabilitation,Meadville,Pennsylvania
Consolidated Container,Verona,Pennsylvania
Amerigas Propane,Ruffs Dale,Pennsylvania
Lutheran Home,Johnstown,Pennsylvania
DiamondBack,Philipsburg,Pennsylvania
Red cross,Johnstown,Pennsylvania
AR Oliastro,Ellwood City,Pennsylvania
Meadville Forging,Cambridge Springs,Pennsylvania
Joshen Paper,Wheatland,Pennsylvania
LMS Intellibound,DuBois,Pennsylvania
Intellibound,DuBois,Pennsylvania
Patriot Machining,Franklin,Ohio
West Penn Power,Mc Donald,Pennsylvania
First Energy,Mc Donald,Pennsylvania
US Corrugated,Coal Center,Pennsylvania
Golden Living,Meyersdale,Pennsylvania
Intermodal,South Grafton,Massachusetts
Maxim Crane,West Mifflin,Pennsylvania
FirstEnergy,Fairmont,West Virginia
Golden Living,Morgantown,West Virginia
GEO Corrections,Philipsburg,Pennsylvania
Barnes Brass Electric,Clarksburg,West Virginia
Industrial Handling ,Clarksburg,West Virginia
Comcast ,State College,Pennsylvania
SDH,Pittsburgh,Pennsylvania
sodexo,Pittsburgh,Pennsylvania
Golden Living,Shippenville,Pennsylvania
Campbell Transportation,Georgetown,Pennsylvania
ELS Educational,Pittsburgh,Pennsylvania
Berlitz ,Pittsburgh,Pennsylvania
Pyramid Healthcare,Wilkinsburg,Pennsylvania
General electric,Muncy,Pennsylvania
GE,Muncy,Pennsylvania
TPS ,Smithton,Pennsylvania
Aleris,Buckhannon,West Virginia
FedEx,Parkersburg,West Virginia
Action Facilities,Silver Spring,Maryland
Pre-Coat,Weirton,West Virginia
simplexgrinnel,Cranberry Township,Pennsylvania
Clarus Linen,Pittsburgh,Pennsylvania
Alcoa ,Cranberry Township,Pennsylvania
CommTrans,McKees Rocks,Pennsylvania
Community Transportation,McKees Rocks,Pennsylvania
Consulate,Canonsburg,Pennsylvania
Iron City Workplace,Wheeling,West Virginia
Iron City Industrial,Wheeling,West Virginia
Security Consultants,Ravenswood,West Virginia
UPMC,Pittsburgh,Pennsylvania
SeniorLife,Greensburg,Pennsylvania
PACE Healthcare,Greensburg,Pennsylvania
Pepsi,Elkins,West Virginia
Golden Living,Erie,Pennsylvania
Golden Living,Warren,Pennsylvania
Lifestyle Support,Harrisburg,Pennsylvania
Shenandoah Fleet,Pittsburgh,Pennsylvania
aramark,Beaver,Pennsylvania
Schwebel Baking,Youngstown,Ohio
ManorCare,Allentown,Pennsylvania
Ryder,New Stanton,Pennsylvania
West Penn Allegheny ,Wexford,Pennsylvania
Z-Force,Morgantown,West Virginia
National Express ,Greensburg,Pennsylvania
Oak HRC,Monongahela,Pennsylvania
Young Scholars,Pittsburgh,Pennsylvania
First Student,Wall,Pennsylvania
First Student,Dry Tavern,Pennsylvania
Pennsylvania American Water,Hershey,Pennsylvania
Kirwan Heights ,Bridgeville,Pennsylvania
Tri-Boro Trailer,McKees Rocks,Pennsylvania
Reid Water,McKees Rocks,Pennsylvania
Chenega,Jacksonville,Florida
Durham D&M,Wattsburg,Pennsylvania
DB Pipe,Pittsburgh,Pennsylvania
Dura-Bond Pipe,Pittsburgh,Pennsylvania
Environmental Charter,Pittsburgh,Pennsylvania
Aramark,Pittsburgh,Pennsylvania
Windstream,Brookville,Pennsylvania
